﻿<?xml version="1.0" encoding="utf-8"?>
<AF xmlns:xsi="http://www.w3.org/2001/XMLSchema-instance" xsi:noNamespaceSchemaLocation="OSIsoft.AF.xsd" SchemaVersion="2.0" SoftwareVersion="2.8.5.7759" ExportMode="NoUniqueID" PISystem="JLEFEBVRENEW" Created="2016-10-18T05:30:12.7360046Z" id="fb0d50a9-6599-45f0-8e4e-d607d4434cc2" ParentKey="7b0faa35-160d-45ff-83a5-8eff4229515a" ExportedObject="Energy Cost - KRW Currency" ExportedType="UOMClass" Identity="UOMClass" PIPersist="210 {9895150E-085D-4fcb-A16D-5EF5D2527196} 2\{f9c322c2-354c-426e-8983-31863cebaf06}\UOMDatabase\UOMClasses[{fb0d50a9-6599-45f0-8e4e-d607d4434cc2}]*JLEFEBVRENEW\UOMDatabase\UOMClasses[Energy Cost - KRW Currency]">
  <UOMClass>
    <Name>Energy Cost - KRW Currency</Name>
    <Description>Dollars per Btu</Description>
    <CanonicalUOM>₩/J</CanonicalUOM>
    <CanonicalAbbr>₩/J</CanonicalAbbr>
    <UOMBaseClass>
      <Name>KRW Currency</Name>
      <BasePower>1</BasePower>
    </UOMBaseClass>
    <UOMBaseClass>
      <Name>Length</Name>
      <BasePower>-2</BasePower>
    </UOMBaseClass>
    <UOMBaseClass>
      <Name>Mass</Name>
      <BasePower>-1</BasePower>
    </UOMBaseClass>
    <UOMBaseClass>
      <Name>Time</Name>
      <BasePower>2</BasePower>
    </UOMBaseClass>
  </UOMClass>
  <UOM>
    <Name>₩/J</Name>
    <Abbreviation>₩/J</Abbreviation>
    <Class>Energy Cost - KRW Currency</Class>
  </UOM>
  <UOM>
    <Name>₩/kJ</Name>
    <Abbreviation>₩/kJ</Abbreviation>
    <RefFactor>0.001</RefFactor>
    <RefUOM>₩/J</RefUOM>
    <Class>Energy Cost - KRW Currency</Class>
  </UOM>
  <UOM>
    <Name>₩/MJ</Name>
    <Abbreviation>₩/MJ</Abbreviation>
    <RefFactor>0.001</RefFactor>
    <RefUOM>₩/kJ</RefUOM>
    <Class>Energy Cost - KRW Currency</Class>
  </UOM>
  <UOM>
    <Name>₩/Btu</Name>
    <Abbreviation>₩/Btu</Abbreviation>
    <RefFactor>0.00094781339</RefFactor>
    <RefUOM>₩/J</RefUOM>
    <Class>Energy Cost - KRW Currency</Class>
  </UOM>
  <UOM>
    <Name>₩/MMBtu</Name>
    <Abbreviation>₩/MMBtu</Abbreviation>
    <RefFactor>1E-06</RefFactor>
    <RefUOM>₩/Btu</RefUOM>
    <Class>Energy Cost - KRW Currency</Class>
  </UOM>
  <UOM>
    <Name>₩/Ws</Name>
    <Abbreviation>₩/Ws</Abbreviation>
    <RefUOM>₩/J</RefUOM>
    <Class>Energy Cost - KRW Currency</Class>
  </UOM>
  <UOM>
    <Name>₩/Wh</Name>
    <Abbreviation>₩/Wh</Abbreviation>
    <RefFactor>0.000277777777777778</RefFactor>
    <RefUOM>₩/Ws</RefUOM>
    <Class>Energy Cost - KRW Currency</Class>
  </UOM>
  <UOM>
    <Name>₩/kWh</Name>
    <Abbreviation>₩/kWh</Abbreviation>
    <RefFactor>0.001</RefFactor>
    <RefUOM>₩/Wh</RefUOM>
    <Class>Energy Cost - KRW Currency</Class>
  </UOM>
  <UOM>
    <Name>₩/MWh</Name>
    <Abbreviation>₩/MWh</Abbreviation>
    <RefFactor>0.001</RefFactor>
    <RefUOM>₩/kWh</RefUOM>
    <Class>Energy Cost - KRW Currency</Class>
  </UOM>
</AF>