﻿<?xml version="1.0" encoding="utf-8"?>
<AF xmlns:xsi="http://www.w3.org/2001/XMLSchema-instance" xsi:noNamespaceSchemaLocation="OSIsoft.AF.xsd" SchemaVersion="2.0" SoftwareVersion="2.8.5.7759" ExportMode="NoUniqueID" PISystem="JLEFEBVRENEW" Created="2016-10-18T05:30:12.7510144Z" id="c1a1efaa-1eb6-40c2-9a07-81696df0895f" ParentKey="7b0faa35-160d-45ff-83a5-8eff4229515a" ExportedObject="KRW Currency" ExportedType="UOMClass" Identity="UOMClass" PIPersist="196 {9895150E-085D-4fcb-A16D-5EF5D2527196} 2\{f9c322c2-354c-426e-8983-31863cebaf06}\UOMDatabase\UOMClasses[{c1a1efaa-1eb6-40c2-9a07-81696df0895f}]*JLEFEBVRENEW\UOMDatabase\UOMClasses[KRW Currency]">
  <UOMClass>
    <Name>KRW Currency</Name>
    <CanonicalUOM>₩</CanonicalUOM>
    <CanonicalAbbr>₩</CanonicalAbbr>
  </UOMClass>
  <UOM>
    <Name>₩</Name>
    <Abbreviation>₩</Abbreviation>
    <Class>KRW Currency</Class>
  </UOM>
</AF>