﻿<?xml version="1.0" encoding="utf-8"?>
<AF xmlns:xsi="http://www.w3.org/2001/XMLSchema-instance" xsi:noNamespaceSchemaLocation="OSIsoft.AF.xsd" SchemaVersion="2.0" SoftwareVersion="2.8.5.7759" ExportMode="NoUniqueID" PISystem="JLEFEBVRENEW" Created="2016-10-18T05:30:12.7560182Z" id="1ff810fa-8535-45a7-8238-ecb8e2b2ecc5" ParentKey="7b0faa35-160d-45ff-83a5-8eff4229515a" ExportedObject="Energy per Volume" ExportedType="UOMClass" Identity="UOMClass" PIPersist="201 {9895150E-085D-4fcb-A16D-5EF5D2527196} 2\{f9c322c2-354c-426e-8983-31863cebaf06}\UOMDatabase\UOMClasses[{1ff810fa-8535-45a7-8238-ecb8e2b2ecc5}]*JLEFEBVRENEW\UOMDatabase\UOMClasses[Energy per Volume]">
  <UOMClass>
    <Name>Energy per Volume</Name>
    <CanonicalUOM>joules per cubic meter</CanonicalUOM>
    <CanonicalAbbr>J/m3</CanonicalAbbr>
    <UOMBaseClass>
      <Name>Length</Name>
      <BasePower>-1</BasePower>
    </UOMBaseClass>
    <UOMBaseClass>
      <Name>Mass</Name>
      <BasePower>1</BasePower>
    </UOMBaseClass>
    <UOMBaseClass>
      <Name>Time</Name>
      <BasePower>-2</BasePower>
    </UOMBaseClass>
  </UOMClass>
  <UOM>
    <Name>joules per cubic meter</Name>
    <Abbreviation>J/m3</Abbreviation>
    <Class>Energy per Volume</Class>
  </UOM>
  <UOM>
    <Name>British thermal unit per cubic foot</Name>
    <Abbreviation>Btu/ft3</Abbreviation>
    <RefFactor>37258.9</RefFactor>
    <RefUOM>joules per cubic meter</RefUOM>
    <Class>Energy per Volume</Class>
  </UOM>
  <UOM>
    <Name>million british thermal units per cubic foot</Name>
    <Abbreviation>MM Btu/ft3</Abbreviation>
    <RefFactor>1000000</RefFactor>
    <RefUOM>British thermal unit per cubic foot</RefUOM>
    <Class>Energy per Volume</Class>
  </UOM>
  <UOM>
    <Name>megajoules per cubic meter</Name>
    <Abbreviation>MJ/m3</Abbreviation>
    <RefFactor>1000000</RefFactor>
    <RefUOM>joules per cubic meter</RefUOM>
    <Class>Energy per Volume</Class>
  </UOM>
  <UOM>
    <Name>kilojoules per cubic meter</Name>
    <Abbreviation>kJ/m3</Abbreviation>
    <RefFactor>1000</RefFactor>
    <RefUOM>joules per cubic meter</RefUOM>
    <Class>Energy per Volume</Class>
  </UOM>
</AF>