﻿<?xml version="1.0" encoding="utf-8"?>
<AF xmlns:xsi="http://www.w3.org/2001/XMLSchema-instance" xsi:noNamespaceSchemaLocation="OSIsoft.AF.xsd" SchemaVersion="2.0" SoftwareVersion="2.8.5.7759" ExportMode="NoUniqueID" PISystem="JLEFEBVRENEW" Created="2016-10-18T04:19:30.9123718Z" id="cd637303-a01b-44b4-9853-6204759ab76c" ParentKey="7b0faa35-160d-45ff-83a5-8eff4229515a" ExportedObject="Volume Cost - JPY Currency" ExportedType="UOMClass" Identity="UOMClass" PIPersist="210 {9895150E-085D-4fcb-A16D-5EF5D2527196} 2\{f9c322c2-354c-426e-8983-31863cebaf06}\UOMDatabase\UOMClasses[{cd637303-a01b-44b4-9853-6204759ab76c}]*JLEFEBVRENEW\UOMDatabase\UOMClasses[Volume Cost - JPY Currency]">
  <UOMClass>
    <Name>Volume Cost - JPY Currency</Name>
    <CanonicalUOM>円/m3</CanonicalUOM>
    <CanonicalAbbr>円/m3</CanonicalAbbr>
    <UOMBaseClass>
      <Name>JPY Currency</Name>
      <BasePower>1</BasePower>
    </UOMBaseClass>
    <UOMBaseClass>
      <Name>Length</Name>
      <BasePower>-3</BasePower>
    </UOMBaseClass>
  </UOMClass>
  <UOM>
    <Name>円/m3</Name>
    <Abbreviation>円/m3</Abbreviation>
    <Class>Volume Cost - JPY Currency</Class>
  </UOM>
  <UOM>
    <Name>円/L</Name>
    <Abbreviation>円/L</Abbreviation>
    <RefFactor>1000</RefFactor>
    <RefUOM>円/m3</RefUOM>
    <Class>Volume Cost - JPY Currency</Class>
  </UOM>
  <UOM>
    <Name>円/US Gal</Name>
    <Abbreviation>円/US Gal</Abbreviation>
    <RefFactor>264.172052358148</RefFactor>
    <RefUOM>円/m3</RefUOM>
    <Class>Volume Cost - JPY Currency</Class>
  </UOM>
</AF>