﻿<?xml version="1.0" encoding="utf-8"?>
<AF xmlns:xsi="http://www.w3.org/2001/XMLSchema-instance" xsi:noNamespaceSchemaLocation="OSIsoft.AF.xsd" SchemaVersion="2.0" SoftwareVersion="2.8.5.7759" ExportMode="NoUniqueID" PISystem="JLEFEBVRENEW" Created="2016-10-18T04:19:30.9238802Z" id="3507190a-b088-4526-b39c-ee4c9d7c4bd6" ParentKey="7b0faa35-160d-45ff-83a5-8eff4229515a" ExportedObject="JPY Currency" ExportedType="UOMClass" Identity="UOMClass" PIPersist="196 {9895150E-085D-4fcb-A16D-5EF5D2527196} 2\{f9c322c2-354c-426e-8983-31863cebaf06}\UOMDatabase\UOMClasses[{3507190a-b088-4526-b39c-ee4c9d7c4bd6}]*JLEFEBVRENEW\UOMDatabase\UOMClasses[JPY Currency]">
  <UOMClass>
    <Name>JPY Currency</Name>
    <CanonicalUOM>円</CanonicalUOM>
    <CanonicalAbbr>円</CanonicalAbbr>
  </UOMClass>
  <UOM>
    <Name>円</Name>
    <Abbreviation>円</Abbreviation>
    <Class>JPY Currency</Class>
  </UOM>
</AF>