﻿<?xml version="1.0" encoding="utf-8"?>
<AF xmlns:xsi="http://www.w3.org/2001/XMLSchema-instance" xsi:noNamespaceSchemaLocation="OSIsoft.AF.xsd" SchemaVersion="2.0" SoftwareVersion="2.8.2.7626" ExportMode="NoUniqueID" PISystem="JLEFEBVRENEW" Created="2016-08-21T21:07:46.7437623Z" id="6ec4c6c7-5250-48de-9c7e-f4a34c28a65f" ParentKey="7b0faa35-160d-45ff-83a5-8eff4229515a" ExportedObject="Energy per Volume" ExportedType="UOMClass" Identity="UOMClass" PIPersist="201 {9895150E-085D-4fcb-A16D-5EF5D2527196} 2\{705d2a73-06fe-4696-8840-bdc575f73adc}\UOMDatabase\UOMClasses[{6ec4c6c7-5250-48de-9c7e-f4a34c28a65f}]*JLEFEBVRENEW\UOMDatabase\UOMClasses[Energy per Volume]">
  <UOMClass>
    <Name>Energy per Volume</Name>
    <CanonicalUOM>joules per cubic meter</CanonicalUOM>
    <CanonicalAbbr>J/m3</CanonicalAbbr>
    <UOMBaseClass>
      <Name>Length</Name>
      <BasePower>-1</BasePower>
    </UOMBaseClass>
    <UOMBaseClass>
      <Name>Mass</Name>
      <BasePower>1</BasePower>
    </UOMBaseClass>
    <UOMBaseClass>
      <Name>Time</Name>
      <BasePower>-2</BasePower>
    </UOMBaseClass>
  </UOMClass>
  <UOM>
    <Name>joules per cubic meter</Name>
    <Abbreviation>J/m3</Abbreviation>
    <Class>Energy per Volume</Class>
  </UOM>
  <UOM>
    <Name>British thermal unit per cubic foot</Name>
    <Abbreviation>Btu/ft3</Abbreviation>
    <RefFactor>37258.9</RefFactor>
    <RefUOM>joules per cubic meter</RefUOM>
    <Class>Energy per Volume</Class>
  </UOM>
  <UOM>
    <Name>million british thermal units per cubic foot</Name>
    <Abbreviation>MM Btu/ft3</Abbreviation>
    <RefFactor>1000000</RefFactor>
    <RefUOM>British thermal unit per cubic foot</RefUOM>
    <Class>Energy per Volume</Class>
  </UOM>
  <UOM>
    <Name>megajoules per cubic meter</Name>
    <Abbreviation>MJ/m3</Abbreviation>
    <RefFactor>1000000</RefFactor>
    <RefUOM>joules per cubic meter</RefUOM>
    <Class>Energy per Volume</Class>
  </UOM>
  <UOM>
    <Name>kilojoules per cubic meter</Name>
    <Abbreviation>kJ/m3</Abbreviation>
    <RefFactor>1000</RefFactor>
    <RefUOM>joules per cubic meter</RefUOM>
    <Class>Energy per Volume</Class>
  </UOM>
</AF>