﻿<?xml version="1.0" encoding="utf-8"?>
<AF xmlns:xsi="http://www.w3.org/2001/XMLSchema-instance" xsi:noNamespaceSchemaLocation="OSIsoft.AF.xsd" SchemaVersion="2.0" SoftwareVersion="2.8.2.7626" ExportMode="NoUniqueID" PISystem="JLEFEBVRENEW" Created="2016-08-21T21:07:46.7227623Z" id="dfa5a0cb-3fcf-43b2-82d1-19abfed9a20e" ParentKey="7b0faa35-160d-45ff-83a5-8eff4229515a" ExportedObject="Energy Cost" ExportedType="UOMClass" Identity="UOMClass" PIPersist="195 {9895150E-085D-4fcb-A16D-5EF5D2527196} 2\{705d2a73-06fe-4696-8840-bdc575f73adc}\UOMDatabase\UOMClasses[{dfa5a0cb-3fcf-43b2-82d1-19abfed9a20e}]*JLEFEBVRENEW\UOMDatabase\UOMClasses[Energy Cost]">
  <UOMClass>
    <Name>Energy Cost</Name>
    <Description>Dollars per Btu</Description>
    <CanonicalUOM>$/kWh</CanonicalUOM>
    <CanonicalAbbr>$/kWh</CanonicalAbbr>
    <UOMBaseClass>
      <Name>Length</Name>
      <BasePower>-2</BasePower>
    </UOMBaseClass>
    <UOMBaseClass>
      <Name>Mass</Name>
      <BasePower>-1</BasePower>
    </UOMBaseClass>
    <UOMBaseClass>
      <Name>Time</Name>
      <BasePower>2</BasePower>
    </UOMBaseClass>
    <UOMBaseClass>
      <Name>US Currency</Name>
      <BasePower>1</BasePower>
    </UOMBaseClass>
  </UOMClass>
  <UOM>
    <Name>$/kWh</Name>
    <Abbreviation>$/kWh</Abbreviation>
    <Class>Energy Cost</Class>
  </UOM>
  <UOM>
    <Name>US$/Btu</Name>
    <Abbreviation>US$/Btu</Abbreviation>
    <RefUOM>$/kWh</RefUOM>
    <Class>Energy Cost</Class>
  </UOM>
  <UOM>
    <Name>US$/MMBtu</Name>
    <Abbreviation>US$/MMBtu</Abbreviation>
    <RefFactor>1E-06</RefFactor>
    <RefUOM>US$/Btu</RefUOM>
    <Class>Energy Cost</Class>
  </UOM>
  <UOM>
    <Name>$/J</Name>
    <Abbreviation>$/J</Abbreviation>
    <RefUOM>$/kWh</RefUOM>
    <Class>Energy Cost</Class>
  </UOM>
  <UOM>
    <Name>$/MWh</Name>
    <Abbreviation>$/MWh</Abbreviation>
    <Description>Dollars per MWh</Description>
    <RefFactor>2.77777777777778E-10</RefFactor>
    <RefUOM>$/J</RefUOM>
    <Class>Energy Cost</Class>
  </UOM>
  <UOM>
    <Name>$/MMBtu</Name>
    <Abbreviation>$/MMBtu</Abbreviation>
    <RefFactor>9.47817120313317E-10</RefFactor>
    <RefUOM>$/J</RefUOM>
    <Class>Energy Cost</Class>
  </UOM>
  <UOM>
    <Name>$/kJ</Name>
    <Abbreviation>$/kJ</Abbreviation>
    <RefFactor>0.001</RefFactor>
    <RefUOM>$/J</RefUOM>
    <Class>Energy Cost</Class>
  </UOM>
  <UOM>
    <Name>$/Btu</Name>
    <Abbreviation>$/Btu</Abbreviation>
    <RefFactor>0.000947817120313317</RefFactor>
    <RefUOM>$/J</RefUOM>
    <Class>Energy Cost</Class>
  </UOM>
</AF>