﻿<?xml version="1.0" encoding="utf-8"?>
<AF xmlns:xsi="http://www.w3.org/2001/XMLSchema-instance" xsi:noNamespaceSchemaLocation="OSIsoft.AF.xsd" SchemaVersion="2.0" SoftwareVersion="2.8.5.7759" ExportMode="NoUniqueID" PISystem="JLEFEBVRENEW" Created="2016-10-24T08:29:07.1102944Z" id="b3ddad93-0b80-4b52-84a6-106354777b22" ParentKey="7b0faa35-160d-45ff-83a5-8eff4229515a" ExportedObject="Power" ExportedType="UOMClass" Identity="UOMClass" PIPersist="189 {9895150E-085D-4fcb-A16D-5EF5D2527196} 2\{f9c322c2-354c-426e-8983-31863cebaf06}\UOMDatabase\UOMClasses[{b3ddad93-0b80-4b52-84a6-106354777b22}]*JLEFEBVRENEW\UOMDatabase\UOMClasses[Power]">
  <UOMClass>
    <Name>Power</Name>
    <CanonicalUOM>watt</CanonicalUOM>
    <CanonicalAbbr>W</CanonicalAbbr>
    <UOMBaseClass>
      <Name>Length</Name>
      <BasePower>2</BasePower>
    </UOMBaseClass>
    <UOMBaseClass>
      <Name>Mass</Name>
      <BasePower>1</BasePower>
    </UOMBaseClass>
    <UOMBaseClass>
      <Name>Time</Name>
      <BasePower>-3</BasePower>
    </UOMBaseClass>
  </UOMClass>
  <UOM>
    <Name>watt</Name>
    <Abbreviation>W</Abbreviation>
    <Class>Power</Class>
  </UOM>
  <UOM>
    <Name>kilovoltamp</Name>
    <Abbreviation>kVA</Abbreviation>
    <RefFactor>1000</RefFactor>
    <RefUOM>watt</RefUOM>
    <Class>Power</Class>
  </UOM>
  <UOM>
    <Name>VAR</Name>
    <Abbreviation>VAR</Abbreviation>
    <RefUOM>watt</RefUOM>
    <Class>Power</Class>
  </UOM>
  <UOM>
    <Name>kilowatt</Name>
    <Abbreviation>kW</Abbreviation>
    <RefFactor>1000</RefFactor>
    <RefUOM>watt</RefUOM>
    <Class>Power</Class>
  </UOM>
  <UOM>
    <Name>MVAR</Name>
    <Abbreviation>MVAR</Abbreviation>
    <RefFactor>0</RefFactor>
    <RefUOM>kilowatt</RefUOM>
    <Class>Power</Class>
  </UOM>
  <UOM>
    <Name>kilovolt-ampere reactive</Name>
    <Abbreviation>kVAR</Abbreviation>
    <RefUOM>kilowatt</RefUOM>
    <Class>Power</Class>
  </UOM>
  <UOM>
    <Name>joule per hour</Name>
    <Abbreviation>J/h</Abbreviation>
    <RefFactor>1.1574074074074074E-05</RefFactor>
    <RefUOM>watt</RefUOM>
    <Class>Power</Class>
  </UOM>
  <UOM>
    <Name>joule per day</Name>
    <Abbreviation>J/d</Abbreviation>
    <RefFactor>1.15740740740741E-05</RefFactor>
    <RefUOM>watt</RefUOM>
    <Class>Power</Class>
  </UOM>
  <UOM>
    <Name>British thermal unit per day</Name>
    <Abbreviation>Btu/d</Abbreviation>
    <RefFactor>0.012211294590509259</RefFactor>
    <RefUOM>watt</RefUOM>
    <Class>Power</Class>
  </UOM>
  <UOM>
    <Name>gigawatt</Name>
    <Abbreviation>GW</Abbreviation>
    <RefFactor>1000000000</RefFactor>
    <RefUOM>watt</RefUOM>
    <Class>Power</Class>
  </UOM>
  <UOM>
    <Name>MW</Name>
    <Abbreviation>MW</Abbreviation>
    <Description>MW</Description>
    <RefFactor>1000</RefFactor>
    <RefUOM>kilowatt</RefUOM>
    <Class>Power</Class>
  </UOM>
  <UOM>
    <Name>British thermal unit per hour</Name>
    <Abbreviation>Btu/h</Abbreviation>
    <RefFactor>0.29307107017222</RefFactor>
    <RefUOM>watt</RefUOM>
    <Class>Power</Class>
  </UOM>
  <UOM>
    <Name>million British thermal unit per day</Name>
    <Abbreviation>MM Btu/d</Abbreviation>
    <RefFactor>41666.6666666667</RefFactor>
    <RefUOM>British thermal unit per hour</RefUOM>
    <Class>Power</Class>
  </UOM>
  <UOM>
    <Name>million British thermal unit per hour</Name>
    <Abbreviation>MM Btu/h</Abbreviation>
    <RefFactor>1000000</RefFactor>
    <RefUOM>British thermal unit per hour</RefUOM>
    <Class>Power</Class>
  </UOM>
  <UOM>
    <Name>calorie per second</Name>
    <Abbreviation>cal/s</Abbreviation>
    <RefFactor>4.1868</RefFactor>
    <RefUOM>watt</RefUOM>
    <Class>Power</Class>
  </UOM>
  <UOM>
    <Name>horsepower</Name>
    <Abbreviation>hp</Abbreviation>
    <RefFactor>745.699871582</RefFactor>
    <RefUOM>watt</RefUOM>
    <Class>Power</Class>
  </UOM>
  <UOM>
    <Name>joule per second</Name>
    <Abbreviation>J/s</Abbreviation>
    <RefUOM>watt</RefUOM>
    <Class>Power</Class>
  </UOM>
  <UOM>
    <Name>megajoule per hour</Name>
    <Abbreviation>MJ/h</Abbreviation>
    <RefFactor>277.777777777778</RefFactor>
    <RefUOM>watt</RefUOM>
    <Class>Power</Class>
  </UOM>
  <UOM>
    <Name>million calorie per hour</Name>
    <Abbreviation>MMcal/h</Abbreviation>
    <RefFactor>1163</RefFactor>
    <RefUOM>watt</RefUOM>
    <Class>Power</Class>
  </UOM>
  <UOM>
    <Name>British thermal unit per second</Name>
    <Abbreviation>Btu/s</Abbreviation>
    <RefFactor>3600</RefFactor>
    <RefUOM>British thermal unit per hour</RefUOM>
    <Class>Power</Class>
  </UOM>
  <UOM>
    <Name>kilojoule per second</Name>
    <Abbreviation>kJ/s</Abbreviation>
    <RefFactor>1000</RefFactor>
    <RefUOM>joule per second</RefUOM>
    <Class>Power</Class>
  </UOM>
  <UOM>
    <Name>kilojoule per hour</Name>
    <Abbreviation>kJ/h</Abbreviation>
    <RefFactor>1000</RefFactor>
    <RefUOM>joule per hour</RefUOM>
    <Class>Power</Class>
  </UOM>
  <UOM>
    <Name>kilojoule per day</Name>
    <Abbreviation>kJ/d</Abbreviation>
    <RefFactor>1000</RefFactor>
    <RefUOM>joule per day</RefUOM>
    <Class>Power</Class>
  </UOM>
</AF>