﻿<?xml version="1.0" encoding="utf-8"?>
<AF xmlns:xsi="http://www.w3.org/2001/XMLSchema-instance" xsi:noNamespaceSchemaLocation="OSIsoft.AF.xsd" SchemaVersion="2.0" SoftwareVersion="2.8.2.7626" ExportMode="NoUniqueID" PISystem="AFKIT-CLEAN" Created="2016-09-05T07:49:46.7194234Z" id="3d767ab7-aef4-4414-a271-407bdb12aad3" ParentKey="7b0faa35-160d-45ff-83a5-8eff4229515a" ExportedObject="Volume Flow Rate" ExportedType="UOMClass" Identity="UOMClass" PIPersist="199 {9895150E-085D-4fcb-A16D-5EF5D2527196} 2\{879ff101-a614-4ee4-84a2-cf56a2c361af}\UOMDatabase\UOMClasses[{3d767ab7-aef4-4414-a271-407bdb12aad3}]*AFKIT-CLEAN\UOMDatabase\UOMClasses[Volume Flow Rate]">
  <UOMClass>
    <Name>Volume Flow Rate</Name>
    <CanonicalUOM>cubic meter per second</CanonicalUOM>
    <CanonicalAbbr>m3/s</CanonicalAbbr>
    <UOMBaseClass>
      <Name>Length</Name>
      <BasePower>3</BasePower>
    </UOMBaseClass>
    <UOMBaseClass>
      <Name>Time</Name>
      <BasePower>-1</BasePower>
    </UOMBaseClass>
  </UOMClass>
  <UOM>
    <Name>cubic meter per second</Name>
    <Abbreviation>m3/s</Abbreviation>
    <Class>Volume Flow Rate</Class>
  </UOM>
  <UOM>
    <Name>barrel per day</Name>
    <Abbreviation>bbl/d</Abbreviation>
    <RefFactor>1.84013072833333E-06</RefFactor>
    <RefUOM>cubic meter per second</RefUOM>
    <Class>Volume Flow Rate</Class>
  </UOM>
  <UOM>
    <Name>cubic centimeter per second</Name>
    <Abbreviation>cm3/s</Abbreviation>
    <RefFactor>1E-06</RefFactor>
    <RefUOM>cubic meter per second</RefUOM>
    <Class>Volume Flow Rate</Class>
  </UOM>
  <UOM>
    <Name>cubic foot per second</Name>
    <Abbreviation>ft3/s</Abbreviation>
    <RefFactor>0.028316846592</RefFactor>
    <RefUOM>cubic meter per second</RefUOM>
    <Class>Volume Flow Rate</Class>
  </UOM>
  <UOM>
    <Name>cubic meter per hour</Name>
    <Abbreviation>m3/h</Abbreviation>
    <RefFactor>0.000277777777777778</RefFactor>
    <RefUOM>cubic meter per second</RefUOM>
    <Class>Volume Flow Rate</Class>
  </UOM>
  <UOM>
    <Name>Imperial gallon per minute</Name>
    <Abbreviation>Imp gal/min</Abbreviation>
    <RefFactor>7.57681666666663E-05</RefFactor>
    <RefUOM>cubic meter per second</RefUOM>
    <Class>Volume Flow Rate</Class>
  </UOM>
  <UOM>
    <Name>liter per second</Name>
    <Abbreviation>L/s</Abbreviation>
    <RefFactor>0.001</RefFactor>
    <RefUOM>cubic meter per second</RefUOM>
    <Class>Volume Flow Rate</Class>
  </UOM>
  <UOM>
    <Name>US gallon per minute</Name>
    <Abbreviation>US gal/min</Abbreviation>
    <RefFactor>6.30901964E-05</RefFactor>
    <RefUOM>cubic meter per second</RefUOM>
    <Class>Volume Flow Rate</Class>
  </UOM>
  <UOM>
    <Name>kiloliter per second</Name>
    <Abbreviation>kL/s</Abbreviation>
    <RefUOM>cubic meter per second</RefUOM>
    <Class>Volume Flow Rate</Class>
  </UOM>
  <UOM>
    <Name>kiloliter per hour</Name>
    <Abbreviation>kL/h</Abbreviation>
    <RefFactor>0.000277777777777778</RefFactor>
    <RefUOM>cubic meter per second</RefUOM>
    <Class>Volume Flow Rate</Class>
  </UOM>
  <UOM>
    <Name>kiloliter per day</Name>
    <Abbreviation>kL/d</Abbreviation>
    <RefFactor>1.15740740740741E-05</RefFactor>
    <RefUOM>cubic meter per second</RefUOM>
    <Class>Volume Flow Rate</Class>
  </UOM>
  <UOM>
    <Name>kiloliter per minute</Name>
    <Abbreviation>kL/min</Abbreviation>
    <RefFactor>0.016666666666666666</RefFactor>
    <RefUOM>cubic meter per second</RefUOM>
    <Class>Volume Flow Rate</Class>
  </UOM>
  <UOM>
    <Name>liter per minute</Name>
    <Abbreviation>L/min</Abbreviation>
    <RefFactor>1.66666666666667E-05</RefFactor>
    <RefUOM>cubic meter per second</RefUOM>
    <Class>Volume Flow Rate</Class>
  </UOM>
  <UOM>
    <Name>liter per hour</Name>
    <Abbreviation>L/h</Abbreviation>
    <RefFactor>2.77777777777778E-07</RefFactor>
    <RefUOM>cubic meter per second</RefUOM>
    <Class>Volume Flow Rate</Class>
  </UOM>
  <UOM>
    <Name>liter per day</Name>
    <Abbreviation>L/d</Abbreviation>
    <RefFactor>1.15740740740741E-08</RefFactor>
    <RefUOM>cubic meter per second</RefUOM>
    <Class>Volume Flow Rate</Class>
  </UOM>
</AF>