﻿<?xml version="1.0" encoding="utf-8"?>
<AF xmlns:xsi="http://www.w3.org/2001/XMLSchema-instance" xsi:noNamespaceSchemaLocation="OSIsoft.AF.xsd" SchemaVersion="2.0" SoftwareVersion="2.8.2.7626" ExportMode="NoUniqueID" PISystem="AFKIT-CLEAN" Created="2016-09-05T07:49:46.7294315Z" id="67a0feaf-cd76-45b1-9795-0f683056d82e" ParentKey="7b0faa35-160d-45ff-83a5-8eff4229515a" ExportedObject="Energy per Volume" ExportedType="UOMClass" Identity="UOMClass" PIPersist="200 {9895150E-085D-4fcb-A16D-5EF5D2527196} 2\{879ff101-a614-4ee4-84a2-cf56a2c361af}\UOMDatabase\UOMClasses[{67a0feaf-cd76-45b1-9795-0f683056d82e}]*AFKIT-CLEAN\UOMDatabase\UOMClasses[Energy per Volume]">
  <UOMClass>
    <Name>Energy per Volume</Name>
    <CanonicalUOM>joules per cubic meter</CanonicalUOM>
    <CanonicalAbbr>J/m3</CanonicalAbbr>
    <UOMBaseClass>
      <Name>Length</Name>
      <BasePower>-1</BasePower>
    </UOMBaseClass>
    <UOMBaseClass>
      <Name>Mass</Name>
      <BasePower>1</BasePower>
    </UOMBaseClass>
    <UOMBaseClass>
      <Name>Time</Name>
      <BasePower>-2</BasePower>
    </UOMBaseClass>
  </UOMClass>
  <UOM>
    <Name>joules per cubic meter</Name>
    <Abbreviation>J/m3</Abbreviation>
    <Class>Energy per Volume</Class>
  </UOM>
  <UOM>
    <Name>British thermal unit per cubic foot</Name>
    <Abbreviation>Btu/ft3</Abbreviation>
    <RefFactor>37258.9</RefFactor>
    <RefUOM>joules per cubic meter</RefUOM>
    <Class>Energy per Volume</Class>
  </UOM>
  <UOM>
    <Name>million british thermal units per cubic foot</Name>
    <Abbreviation>MM Btu/ft3</Abbreviation>
    <RefFactor>1000000</RefFactor>
    <RefUOM>British thermal unit per cubic foot</RefUOM>
    <Class>Energy per Volume</Class>
  </UOM>
  <UOM>
    <Name>megajoules per cubic meter</Name>
    <Abbreviation>MJ/m3</Abbreviation>
    <RefFactor>1000000</RefFactor>
    <RefUOM>joules per cubic meter</RefUOM>
    <Class>Energy per Volume</Class>
  </UOM>
  <UOM>
    <Name>kilojoules per cubic meter</Name>
    <Abbreviation>kJ/m3</Abbreviation>
    <RefFactor>1000</RefFactor>
    <RefUOM>joules per cubic meter</RefUOM>
    <Class>Energy per Volume</Class>
  </UOM>
</AF>